{
 "attach_print": 0,
 "channel": "Email",
 "condition": "doc.status == \"Scheduled\" and doc.departure_date == (frappe.utils.nowdate() + \" 00:00:00\")\n",
 "creation": "2024-09-28 14:41:58.917397",
 "date_changed": "date_of_departure",
 "days_in_advance": 1,
 "docstatus": 0,
 "doctype": "Notification",
 "document_type": "Airplane Flight",
 "enabled": 1,
 "event": "Days Before",
 "idx": 0,
 "is_standard": 1,
 "message": "<p>Add your message here</p>\n",
 "message_type": "Markdown",
 "modified": "2024-09-28 15:51:43.793420",
 "modified_by": "Administrator",
 "module": "Airplane Mode",
 "name": "Flight Departure Notification",
 "owner": "Administrator",
 "recipients": [
  {
   "receiver_by_role": "System Manager"
  }
 ],
 "send_system_notification": 0,
 "send_to_all_assignees": 0,
 "sender": "",
 "sender_email": "",
 "subject": "Departs in 24 hours!"
}